{
  "accuracy": 0.925000011920929,
  "loss": 0.4167191982269287,
  "precision": 0.9473684430122375,
  "recall": 0.8999999761581421
}